-2.466454036092320112e-01,5.006932466418582139e-01,-2.718950266911541180e-01,-9.070189979466454222e-01,-1.238578546535674230e+00,2.323387138328044887e+00
-2.124282784979926730e-01,4.606946975977400660e-01,-2.634274527420253920e-01,-8.604507600692490321e-01,-1.209306906001127890e+00,2.250427478120871960e+00
-2.019588596206731701e-01,4.500642107376925938e-01,-2.601754134717078060e-01,-8.459116811647141576e-01,-1.201401426440702913e+00,2.228474334702406523e+00
-1.966086339458525123e-01,4.449100352903968547e-01,-2.584205394503666375e-01,-8.384981904361641369e-01,-1.197519907197071021e+00,2.217267485265008276e+00
-1.951494814890832319e-01,4.435275351053148962e-01,-2.579296655982432629e-01,-8.365188603872795170e-01,-1.196451599148364853e+00,2.214120356313410198e+00
-1.912340890634190438e-01,4.399035054939350875e-01,-2.565920343512069768e-01,-8.309947301599376335e-01,-1.193745218758309523e+00,2.205868737720805051e+00
-1.856285117086637626e-01,4.348567087017913280e-01,-2.545917234038040933e-01,-8.231313916930047547e-01,-1.189917114917112828e+00,2.194124573584353310e+00
-1.816280020563546815e-01,4.313534800774574962e-01,-2.531313736937369496e-01,-8.176072614656629822e-01,-1.187175124258767145e+00,2.185988093855831149e+00
-1.786124203123648779e-01,4.287898146857035964e-01,-2.520146356801561960e-01,-8.133247109962579158e-01,-1.185252169771096264e+00,2.180154391408966053e+00
-1.745632722448301477e-01,4.254208093803097945e-01,-2.504806548922705600e-01,-8.076206416735628446e-01,-1.182670425320056617e+00,2.171442217360029847e+00
-1.730311621652224074e-01,4.241591101822738130e-01,-2.498793344234193914e-01,-8.054613725293250370e-01,-1.181708948076221066e+00,2.168333468029792321e+00
-1.716692865389044254e-01,4.230450566350718589e-01,-2.493516450323867428e-01,-8.035360242090462402e-01,-1.180872106771401420e+00,2.165493376049081764e+00
-1.685929067758825672e-01,4.205753475665759966e-01,-2.481490040946844056e-01,-7.991814981014999653e-01,-1.178931347149585251e+00,2.159544534738134125e+00
-1.661853052222132532e-01,4.186962211014160773e-01,-2.471918000830437556e-01,-7.957446613802546809e-01,-1.177506936417977101e+00,2.154516804339849045e+00
-1.646288759349927022e-01,4.174882112309561411e-01,-2.465782077678894957e-01,-7.935673983264814879e-01,-1.176598874576576970e+00,2.151484814252333955e+00
-1.601298225266208075e-01,4.140789389298802914e-01,-2.447374308224267159e-01,-7.872155482605152077e-01,-1.173892494186521640e+00,2.141966668154817288e+00
-1.590840965992695033e-01,4.133004436800283288e-01,-2.443079162018187422e-01,-7.857040598595487202e-01,-1.173287119625588293e+00,2.139740650115882215e+00
-1.571750388016630307e-01,4.118642541673704360e-01,-2.435102461921182238e-01,-7.829509917006454156e-01,-1.172201006442737059e+00,2.135902687979786663e+00
-1.528097410351616503e-01,4.087100061722805378e-01,-2.416817410929585352e-01,-7.767790807300322120e-01,-1.169743897930713095e+00,2.127075375066767471e+00
-1.515816210507141826e-01,4.078375545991705931e-01,-2.411540517019258589e-01,-7.749796897765006687e-01,-1.169067302833199262e+00,2.124657458921027420e+00
-1.499887129520743878e-01,4.067235010519686389e-01,-2.404791001552561980e-01,-7.726404815369096735e-01,-1.168194851260089262e+00,2.121356811483985361e+00
-1.453802231094447894e-01,4.035558307249847987e-01,-2.384787892078533145e-01,-7.661266862851254800e-01,-1.165719937613920232e+00,2.111761906143746703e+00
-1.410878829657818412e-01,4.006700293677749602e-01,-2.365766530308751059e-01,-7.599727692240475507e-01,-1.163476490711637501e+00,2.103587046793863991e+00
-1.394828152633356411e-01,3.996230874800429933e-01,-2.358648859452961710e-01,-7.576515548939919409e-01,-1.162604039138527501e+00,2.100132880871377949e+00
-1.380358224103727938e-01,3.986835242474630614e-01,-2.352144780912326649e-01,-7.556002492069658905e-01,-1.161874028638578249e+00,2.097216029647945401e+00
-1.351418367044470714e-01,3.968312424460911370e-01,-2.339013905368025614e-01,-7.514436561043080776e-01,-1.160414007638679967e+00,2.091535845686524286e+00
-1.335124497943880606e-01,3.958111452221471649e-01,-2.331650797586174440e-01,-7.490144783170404885e-01,-1.159594971468005387e+00,2.088196818628121232e+00
-1.289647579707905167e-01,3.930327225200893060e-01,-2.310665940407898855e-01,-7.425006830652562950e-01,-1.157422745102303141e+00,2.078793811394687996e+00
-1.231281481437134367e-01,3.895563385595434691e-01,-2.283299723152019123e-01,-7.340615394931934157e-01,-1.154627339041522260e+00,2.067126406500957803e+00
-1.198085763045633467e-01,3.876503674305955549e-01,-2.267469041421039389e-01,-7.292931534663347204e-01,-1.153131707773333625e+00,2.060563491248234680e+00
-1.168537925796055837e-01,3.860128429395276450e-01,-2.253233699709460414e-01,-7.249026395397177858e-01,-1.151831932980741380e+00,2.054960066529535556e+00
-1.073449824029925198e-01,3.809257791517018932e-01,-2.206723402220767960e-01,-7.111552926547367592e-01,-1.147754557261513098e+00,2.035885394713141672e+00
-1.028094501832013674e-01,3.786305603978279977e-01,-2.184020486560060426e-01,-7.045515278552760829e-01,-1.145956238712857900e+00,2.026751044829234960e+00
-9.787265103779868580e-02,3.762145406569081252e-01,-2.158985920101766653e-01,-6.972639944934733158e-01,-1.144033284225187019e+00,2.017309657974440285e+00
-9.483275008619604374e-02,3.747783511442501769e-01,-2.143400675296848745e-01,-6.928374927477857215e-01,-1.142875950505755300e+00,2.011092159313965677e+00
-9.310608634568573461e-02,3.739864335625042169e-01,-2.134442227495596534e-01,-6.902823575937708789e-01,-1.142234965676531822e+00,2.007714752634201627e+00
-8.850975610686254158e-02,3.719193944508283334e-01,-2.110634845667611337e-01,-6.835526354275629490e-01,-1.140561283066892306e+00,1.998311745400768169e+00
-8.678309236635224633e-02,3.711543215328703682e-01,-2.101553679403328212e-01,-6.810514820021540405e-01,-1.139938103371813671e+00,1.995011097963726110e+00
-8.348783973481498089e-02,3.697449766840004148e-01,-2.084250376115978354e-01,-6.761571386085483137e-01,-1.138798574786527240e+00,1.988678460439168960e+00
-7.712836694406224880e-02,3.671007773008825303e-01,-2.050257361856432370e-01,-6.667823117406489475e-01,-1.136697568957405258e+00,1.976051565011415212e+00
-7.225236581769160782e-02,3.651948061719346161e-01,-2.023872892304799387e-01,-6.596027418360580485e-01,-1.135148522286781425e+00,1.966840455884786287e+00
-6.890847477092870710e-02,3.639331069738986901e-01,-2.005587841313202502e-01,-6.546904045329169364e-01,-1.134133629640510676e+00,1.960584577602950906e+00
-6.398383522933241696e-02,3.621479368319967529e-01,-1.978467060983384596e-01,-6.473668833520436205e-01,-1.132744829177192880e+00,1.950375598320937209e+00
-6.061562497495669166e-02,3.609667716253248115e-01,-1.959813854602694971e-01,-6.423825704107611889e-01,-1.131765546799212263e+00,1.944004581175018842e+00
-5.087578232602182893e-02,3.577722566345529764e-01,-1.904713264701842768e-01,-6.279154671443676339e-01,-1.129201607482317682e+00,1.925083427844068940e+00
-3.397393303511113405e-02,3.529670618165012264e-01,-1.806661212740192646e-01,-6.027599816139965760e-01,-1.125444724177701250e+00,1.892499129308619299e+00
-2.542573155920450217e-02,3.508866003729312899e-01,-1.755855769045420178e-01,-5.900022997534579705e-01,-1.123771041568061735e+00,1.875995892123409226e+00
-2.399089831004805676e-02,3.505510420755813539e-01,-1.747265476633260706e-01,-5.878790184282907116e-01,-1.123503964555885304e+00,1.873079040899976899e+00
-2.193592526676466786e-02,3.500946827911853299e-01,-1.734870911867144594e-01,-5.847660720786811428e-01,-1.123147861872983322e+00,1.869241078763881347e+00
-2.050109201760822245e-02,3.497859691576233887e-01,-1.726157900991954208e-01,-5.826607846630492693e-01,-1.122898589994951735e+00,1.866631264511336541e+00
-1.865283223903381471e-02,3.493967215326974074e-01,-1.714990520856146672e-01,-5.798897225946106904e-01,-1.122613707848630238e+00,1.863368996695655477e+00
-1.003167314028872124e-02,3.476920853821594548e-01,-1.662221581752880706e-01,-5.669521016387188972e-01,-1.121385153592618256e+00,1.846597102160918880e+00
-8.377967022616882378e-03,3.473967940804914556e-01,-1.652035949321319919e-01,-5.644689421228453741e-01,-1.121171491982877022e+00,1.843603491694764562e+00
-1.738823344316711662e-03,3.462558958695015066e-01,-1.610679827279923038e-01,-5.545363040593511705e-01,-1.120334650678057153e+00,1.830938216645649819e+00
9.083224043388696267e-03,3.446989053697975813e-01,-1.542202924908708250e-01,-5.382518159298907978e-01,-1.119230732361061076e+00,1.810289980353456896e+00
1.034782283925539566e-02,3.445378373870696120e-01,-1.534103506348671875e-01,-5.363444615191472753e-01,-1.119123901556190459e+00,1.807872064207716623e+00
1.245143429776442330e-02,3.442962354129776026e-01,-1.520604475415278378e-01,-5.332315151695377065e-01,-1.118945850214739357e+00,1.804072481692982288e+00
1.392274635834010385e-02,3.441217450983556359e-01,-1.511155153761902792e-01,-5.310182642966939648e-01,-1.118839019409868740e+00,1.801385908197715491e+00
1.771654274594020029e-02,3.436922304777476622e-01,-1.486734179618763307e-01,-5.252782071549283449e-01,-1.118589747531837375e+00,1.794132159760495338e+00
1.939456807122486026e-02,3.435311624950196374e-01,-1.475812236409017597e-01,-5.227950476390548218e-01,-1.118482916726966758e+00,1.790908271566175269e+00
2.127930666121849793e-02,3.433432498485036732e-01,-1.463540390105932398e-01,-5.199340160229396490e-01,-1.118376085922096141e+00,1.787492485265050446e+00
2.275061872179417674e-02,3.432224488614576963e-01,-1.453845631526495263e-01,-5.177207651500957963e-01,-1.118304865385515656e+00,1.784767532148422653e+00
2.465967651940063551e-02,3.430479585468356740e-01,-1.441573785223410065e-01,-5.148957213530512833e-01,-1.118215839714790327e+00,1.781198227361854070e+00
2.636202105229811660e-02,3.429003128960017022e-01,-1.430406405087602528e-01,-5.123045983799658920e-01,-1.118144619178209842e+00,1.778012718788894775e+00
2.974239091048025418e-02,3.426452885900156953e-01,-1.408071644815987733e-01,-5.072842976196129117e-01,-1.118037788373339225e+00,1.772140636720668905e+00
3.354834690188676638e-02,3.424036866159237413e-01,-1.382791641431632412e-01,-5.014542709301706980e-01,-1.117930957568468608e+00,1.764963647526170742e+00
3.525069143478424399e-02,3.423097302926657037e-01,-1.371501542832793963e-01,-4.989531175047618450e-01,-1.117895347300178477e+00,1.761509481603684923e+00
3.865538050057920616e-02,3.421218176461497396e-01,-1.348798627172086428e-01,-4.938248532871969410e-01,-1.117841931897743057e+00,1.755291982943210316e+00
4.208438877398698597e-02,3.419741719953157122e-01,-1.325727556122286432e-01,-4.886606012505613772e-01,-1.117806321629452926e+00,1.748882586175931175e+00
4.421231944010883125e-02,3.419070603358457250e-01,-1.311369495947676822e-01,-4.854396914437399402e-01,-1.117806321629452926e+00,1.744660827826226335e+00
4.613353684152170231e-02,3.418533710082697352e-01,-1.298484057329437613e-01,-4.825966537371600973e-01,-1.117806321629452926e+00,1.740976384175574765e+00
5.126488964782696667e-02,3.417459923531177557e-01,-1.263509295365644880e-01,-4.748772665465097464e-01,-1.117824126763597992e+00,1.731803654670306836e+00
5.319826665304624308e-02,3.417325700212237582e-01,-1.250255701358312932e-01,-4.719262653827180354e-01,-1.117824126763597992e+00,1.728234349883738030e+00
6.028731567218360843e-02,3.417191476893297608e-01,-1.201413753072034102e-01,-4.612738709378113033e-01,-1.118091203775774423e+00,1.715530695213262513e+00
6.200181980888749833e-02,3.417191476893297608e-01,-1.189387343695010729e-01,-4.587007418742611864e-01,-1.118198034580645039e+00,1.712383566261664214e+00
6.933406090415307477e-02,3.419070603358457250e-01,-1.138213744611145661e-01,-4.476704753291128047e-01,-1.118732188604998123e+00,1.698835559921247684e+00
7.084185177614797657e-02,3.419741719953157122e-01,-1.127537238327461638e-01,-4.454032427276630735e-01,-1.118856824544013806e+00,1.695880329076454363e+00
7.451405212568397440e-02,3.421486623099377344e-01,-1.101520924164921117e-01,-4.398971064098565753e-01,-1.119177316958625656e+00,1.688971997231482725e+00
7.647174833851608233e-02,3.422426186331957165e-01,-1.087776456305465794e-01,-4.369640991556001386e-01,-1.119355368300076758e+00,1.685517831308996906e+00
8.185845282475595619e-02,3.425647545986517106e-01,-1.049242858913778526e-01,-4.288128581361022595e-01,-1.119889522324429620e+00,1.676038064832841235e+00
8.337840330055727722e-02,3.426587109219096927e-01,-1.038320915704032815e-01,-4.265996072632584624e-01,-1.120049768531735657e+00,1.673389870958935433e+00
8.751266859473687265e-02,3.429808468873656868e-01,-1.008500329187535932e-01,-4.203917084735745990e-01,-1.120512702019508255e+00,1.665752326308105769e+00
8.903261907053819368e-02,3.431016478744116638e-01,-9.975783859777900831e-02,-4.181424697816601976e-01,-1.120672948226814292e+00,1.662835475084673220e+00
9.097815567956388239e-02,3.432761381890336860e-01,-9.833430442662113857e-02,-4.151914686178684311e-01,-1.120922220104845657e+00,1.659342929540826406e+00
2.002200362763564556e-01,3.676779375723245313e-01,-1.192823460659874456e-02,-2.534262218953826640e-01,-1.149819952822344726e+00,1.469018387211857846e+00
2.021898920929949550e-01,3.683893211627065067e-01,-1.023471981677299796e-02,-2.505292024601968870e-01,-1.150621183858874463e+00,1.465717739774815787e+00
2.037220021726026953e-01,3.689396367703604573e-01,-8.909360416039803152e-03,-2.482799637682824301e-01,-1.151244363553952876e+00,1.463299823629075735e+00
2.054729851207258151e-01,3.695973310331664430e-01,-7.387651474457247215e-03,-2.457608164333382750e-01,-1.152009984322192260e+00,1.460382972405643409e+00
2.076617138058797218e-01,3.704026709468064005e-01,-5.485515297479052511e-03,-2.425579005360521401e-01,-1.152935851297737457e+00,1.456698528754991839e+00
2.094126967540028417e-01,3.710603652096123306e-01,-3.963806355896496575e-03,-2.400207592915726551e-01,-1.153665861797686709e+00,1.453973575638364046e+00
2.113825525706413688e-01,3.717985934637823009e-01,-2.245747873464578638e-03,-2.372137094040634442e-01,-1.154467092834216224e+00,1.450519409715878227e+00
2.129146626502490813e-01,3.723891760671182993e-01,-9.081166264282995769e-04,-2.349824646216843171e-01,-1.155125882797584991e+00,1.448063113948777181e+00
2.151033913354029881e-01,3.732482053083342466e-01,1.030835089459150936e-03,-2.317255669957922204e-01,-1.156105165175565608e+00,1.444570568404930366e+00
2.162099152817863468e-01,3.736911422608362177e-01,2.000310947402876138e-03,-2.301600968662197988e-01,-1.156603708931628338e+00,1.442613207715521817e+00
2.186053572316492277e-01,3.746441278253102025e-01,4.123340357836603742e-03,-2.267232601449745422e-01,-1.157689822114479572e+00,1.438506588229899741e+00
2.220830039202826567e-01,3.760534726741801004e-01,7.203573779910970448e-03,-2.217029593846215341e-01,-1.159238868785103405e+00,1.432711265404395862e+00
2.242717326054365634e-01,3.769527689110780955e-01,9.154797342101506086e-03,-2.185360313064060034e-01,-1.160271566565519219e+00,1.429257099481910043e+00
2.257916830812378706e-01,3.776104631738840256e-01,1.051697228174395572e-02,-2.163407743430975361e-01,-1.160983771931323183e+00,1.426724044472087005e+00
2.277493792940699924e-01,3.784292254194179805e-01,1.228411814938821373e-02,-2.135877061841942592e-01,-1.161874028638578249e+00,1.423346637792323177e+00
2.292814893736777049e-01,3.790734973503299687e-01,1.365856493533374773e-02,-2.113384674922798301e-01,-1.162604039138527501e+00,1.420967101267944122e+00
2.312391855865098267e-01,3.799191042596519186e-01,1.541343895667492137e-02,-2.084954297856999872e-01,-1.163529906114072698e+00,1.417666453830902062e+00
2.327591360623111338e-01,3.805902208543519016e-01,1.681242943522662583e-02,-2.063001728223915199e-01,-1.164313332016457148e+00,1.415095019199718251e+00
2.347168322751432279e-01,3.814492500955678489e-01,1.859184714917396994e-02,-2.035291107539529409e-01,-1.165274809260292699e+00,1.412139788354924708e+00
2.362367827509445628e-01,3.821203666902678320e-01,1.996629393511950568e-02,-2.013338537906444459e-01,-1.166004819760241729e+00,1.409721872209184657e+00
2.384133518322920642e-01,3.830867745866357588e-01,2.196660488252238225e-02,-1.982209074410348770e-01,-1.167073127808947897e+00,1.405883910073089327e+00
2.403588884413177529e-01,3.839726484916397564e-01,2.374602259646972288e-02,-1.954498453725962981e-01,-1.168070215321073579e+00,1.402736781121491028e+00
2.420977117856344674e-01,3.847645660733857165e-01,2.534136261587079109e-02,-1.929486919471874729e-01,-1.168942666894183580e+00,1.399935068762141466e+00
2.440432483946601561e-01,3.856638623102836561e-01,2.714532402242430392e-02,-1.901596359692135640e-01,-1.169921949272163975e+00,1.397056597160069913e+00
2.455631988704614632e-01,3.863752459006656315e-01,2.855658634727909623e-02,-1.880183607345110308e-01,-1.170687570040403358e+00,1.394600301392968866e+00
2.475330546870999904e-01,3.873013868013515659e-01,3.038509144643877780e-02,-1.851393352088605559e-01,-1.171684657552529041e+00,1.391568311305453554e+00
2.492718780314167049e-01,3.881335713787795183e-01,3.200497515844601820e-02,-1.826561756929870328e-01,-1.172628329662219526e+00,1.388804978567464987e+00
2.529319187771462696e-01,3.899053191887874581e-01,3.542882027700676451e-02,-1.774739297468161947e-01,-1.174586894418180538e+00,1.382932896499239117e+00
2.617719507444067339e-01,3.943078440500192294e-01,4.381049130201390696e-02,-1.649141808911659957e-01,-1.179429890905648204e+00,1.368463779246159584e+00
2.637174873534324226e-01,3.953010966101752066e-01,4.565126824747667983e-02,-1.621971005513333786e-01,-1.180533809222644503e+00,1.365278270673200511e+00
2.654441510939427595e-01,3.961869705151791488e-01,4.732023934469625770e-02,-1.596599593068538936e-01,-1.181548701868915252e+00,1.362514937935211723e+00
2.673896877029684482e-01,3.972204900710171183e-01,4.917328813646211494e-02,-1.569608728765565786e-01,-1.182634815051766264e+00,1.359674845954501166e+00
2.708186959763762003e-01,3.990325048767070504e-01,5.249895848459817937e-02,-1.520845233924860984e-01,-1.184628990076017629e+00,1.353917902750358282e+00
2.727399133777890783e-01,4.000660244325449644e-01,5.436427912266712098e-02,-1.494034308717240855e-01,-1.185768518661304061e+00,1.351077810769647725e+00
2.761689216511968858e-01,4.019451508977048837e-01,5.771449316340936109e-02,-1.445450752971889352e-01,-1.187744888551410360e+00,1.345743043400475125e+00
2.778834257879007619e-01,4.028712917983908182e-01,5.939573610693202332e-02,-1.421698792385272803e-01,-1.188813196600116529e+00,1.343094849526569323e+00
2.813124340613085694e-01,4.047772629273387324e-01,6.277049384028043910e-02,-1.373475114830627619e-01,-1.190932007563383577e+00,1.337990359885562475e+00
2.834525243312367992e-01,4.059852727977986686e-01,6.489352325071416627e-02,-1.342885468620591272e-01,-1.192231782355975822e+00,1.334728092069881411e+00
2.853737417326496772e-01,4.070724816812126279e-01,6.679565942769236098e-02,-1.316614360699030761e-01,-1.193442531477842738e+00,1.331542583496922338e+00
2.868572133970317406e-01,4.079180885905345777e-01,6.828055283036565948e-02,-1.296101303828771090e-01,-1.194332788185097805e+00,1.329239806215265052e+00
2.887905904022510239e-01,4.090455644696305293e-01,7.020723269995002291e-02,-1.268570622239738599e-01,-1.195507927038674589e+00,1.326553232719998254e+00
2.900673488019241408e-01,4.097972150556944970e-01,7.149577656177395768e-02,-1.250936590895129485e-01,-1.196326963209349170e+00,1.324557492409228709e+00
2.924141523365613726e-01,4.111797152407764555e-01,7.386424289826938605e-02,-1.218367614636208379e-01,-1.197858204745827937e+00,1.320489252544967629e+00
2.937030703400408949e-01,4.119447881587344207e-01,7.515278676009333469e-02,-1.200193766005539786e-01,-1.198677240916502518e+00,1.318647030719641844e+00
2.958310010061627748e-01,4.132064873567703467e-01,7.731263170943630803e-02,-1.170503815272269377e-01,-1.200066041379820314e+00,1.315154485175795029e+00
2.977400588037692475e-01,4.143608078996542932e-01,7.925158342532376277e-02,-1.144232707350708866e-01,-1.201348011038267716e+00,1.312352772816445468e+00
3.013271419266603246e-01,4.165486479983762091e-01,8.292086546994621721e-02,-1.093669821556472466e-01,-1.203680483611275998e+00,1.306634209233663357e+00
3.028106135910424435e-01,4.174613665671681462e-01,8.444257441152877575e-02,-1.073336703781565954e-01,-1.204641960855111327e+00,1.304331431952006293e+00
3.047075117848425108e-01,4.186291094419460901e-01,8.639379797371930791e-02,-1.047245534955358603e-01,-1.205923930513558728e+00,1.301491339971295735e+00
3.062031430530309795e-01,4.195686726745260220e-01,8.794005060790803519e-02,-1.026732478085098932e-01,-1.206938823159829477e+00,1.299226942310999444e+00
3.081000412468310468e-01,4.207632602130920163e-01,8.990354601640165866e-02,-1.000461370163538422e-01,-1.208256403086567010e+00,1.296463609573010656e+00
3.097902261759221121e-01,4.218370467646119226e-01,9.167069188404591840e-02,-9.772492268629814904e-02,-1.209431541940143573e+00,1.294084073048631600e+00
3.114682515012067721e-01,4.229242556480258819e-01,9.342556590538708683e-02,-9.538571444670713995e-02,-1.210606680793720358e+00,1.291551018038808785e+00
3.135718629597157858e-01,4.242799111693198455e-01,9.562222639363932020e-02,-9.247070110198604698e-02,-1.212031091525328508e+00,1.288250370601766726e+00
3.148364617555824974e-01,4.251120957467477979e-01,9.695985764067560631e-02,-9.074328578659576761e-02,-1.212921348232583352e+00,1.286484908019162932e+00
3.186302581431825764e-01,4.275952271471376576e-01,1.009604795354813594e-01,-8.545307638321301968e-02,-1.215609923488493838e+00,1.280420927844132084e+00
3.205028371293698330e-01,4.288435040132795861e-01,1.029607904828842291e-01,-8.289794122919823260e-02,-1.216980918817666568e+00,1.277619215484782522e+00
3.219619895861390857e-01,4.298099119096475684e-01,1.045070431170729564e-01,-8.093660508984884538e-02,-1.218031421732227448e+00,1.275661854795373973e+00
3.259381800308353561e-01,4.325078006203414427e-01,1.087653737842435020e-01,-7.550244441018358343e-02,-1.220809022658863263e+00,1.269674633863065116e+00
3.305223506658521160e-01,4.356888932792192803e-01,1.137354715369929686e-01,-6.916858825375254982e-02,-1.224263218683012910e+00,1.262958200124898234e+00
3.326138025205547244e-01,4.371519274556652235e-01,1.160057631030637221e-01,-6.634354445670802292e-02,-1.225865680756071940e+00,1.260041348901465907e+00
3.616509364102631907e-01,4.588021488006862048e-01,1.486734179618763307e-01,-2.700885821250847627e-02,-1.248816498669107489e+00,1.217363209948085556e+00
3.754034483153135260e-01,4.699695289364936301e-01,1.648722550819487209e-01,-8.637076576951410734e-03,-1.260532276936584095e+00,1.198365297374413441e+00
3.802429706302649648e-01,4.740364955003754655e-01,1.707013820759141487e-01,-2.195256963308483793e-03,-1.264823314265553389e+00,1.191380206286720034e+00
3.820669112012265445e-01,4.755800636681853932e-01,1.728980425641663821e-01,1.799390953531544084e-04,-1.266425776338612641e+00,1.188770392034175005e+00
3.838786921683817188e-01,4.771504764997833159e-01,1.751069748987217067e-01,2.609116882620738948e-03,-1.268010433277526605e+00,1.186237337024352190e+00
3.852770466061189447e-01,4.783584863702432521e-01,1.768250333811536290e-01,4.498477383828860046e-03,-1.269256792667683653e+00,1.184126457849499658e+00
3.870888275732741191e-01,4.799288992018411748e-01,1.790216938694058624e-01,6.855679532955182530e-03,-1.270894865009033037e+00,1.181401504732872088e+00
3.950290488588601989e-01,4.869487787824028358e-01,1.888759864507832120e-01,1.734612879204408542e-02,-1.278230580276814576e+00,1.170655210751805120e+00
4.310701145410611446e-01,5.216723513921791566e-01,2.360980510250547948e-01,6.445418395549989965e-02,-1.313965484506032677e+00,1.122527165565169183e+00
4.358366792331740958e-01,5.266117695291709921e-01,2.426634887972053400e-01,7.055411928797183929e-02,-1.318933116932516025e+00,1.116232907661972806e+00
4.420988751934755157e-01,5.332558238167006692e-01,2.514501307502142735e-01,7.863338466932846826e-02,-1.325699067907654349e+00,1.107904529826645890e+00
4.452968509945615105e-01,5.367187854453524531e-01,2.559784420360526891e-01,8.268201431477444074e-02,-1.329188874200094350e+00,1.103913049205106800e+00
4.606422709982516128e-01,5.538456809420956306e-01,2.783254741539707422e-01,1.023853452559448513e-01,-1.346388633784262101e+00,1.084646479281908160e+00
4.652264416332684283e-01,5.591743467040134474e-01,2.851977080836983758e-01,1.081613902167811031e-01,-1.351712368893647209e+00,1.079043054563208814e+00
4.668801477509402775e-01,5.611205848286433540e-01,2.877134365758308721e-01,1.103026654514836502e-01,-1.353670933649608443e+00,1.076893795766995510e+00
4.683514598115159355e-01,5.628520656429691904e-01,2.899469126029923238e-01,1.122280137717623916e-01,-1.355433641929973509e+00,1.075243472048474480e+00
4.698227718720915935e-01,5.646103911210831328e-01,2.921926604764569224e-01,1.140094108157586328e-01,-1.357160739942048222e+00,1.073516389087231682e+00
4.712940839326673070e-01,5.663687165991970751e-01,2.944261365036184297e-01,1.158807774074314262e-01,-1.358905643088268222e+00,1.071635787640544901e+00
4.866638231439702755e-01,5.853344715654181796e-01,3.186384892596053620e-01,1.354221631627839928e-01,-1.377690059611349938e+00,1.053060050901843292e+00
4.882688908464164479e-01,5.873880883452000656e-01,3.212401206758594419e-01,1.373655053925980640e-01,-1.379737650038036501e+00,1.051217829076517507e+00
4.895091704346703487e-01,5.889853458405860387e-01,3.232649753158684525e-01,1.389849572507764475e-01,-1.381268891574515267e+00,1.049989681192966984e+00
4.911142381371165211e-01,5.910523849522618667e-01,3.258543348858194411e-01,1.409282994805905187e-01,-1.383280871732911699e+00,1.048224218610363190e+00
4.941298198811063247e-01,5.949582835334157327e-01,3.308244326385689216e-01,1.447789961211480292e-01,-1.387180196110688879e+00,1.044463015716989851e+00
4.998083548587000657e-01,6.024882117259493519e-01,3.402982979845506351e-01,1.519405721162035705e-01,-1.394480301110180287e+00,1.037554683872018213e+00
5.015593378068231578e-01,6.048371198073992927e-01,3.432558129435941408e-01,1.540818473509061037e-01,-1.396830578817333635e+00,1.035712462046692428e+00
5.047086751926835868e-01,6.090785766859030392e-01,3.486063379317392297e-01,1.580405074486755101e-01,-1.400979175073142180e+00,1.032143157260123623e+00
5.073108304072554420e-01,6.126757616334949086e-01,3.530855618323653355e-01,1.613693807127088709e-01,-1.404451176231436893e+00,1.029226306036691296e+00
5.085146311840900157e-01,6.143401307883508133e-01,3.551840475501928940e-01,1.628628752041400563e-01,-1.406053638304496145e+00,1.027767880424975022e+00
5.100710604713105667e-01,6.164742815594966840e-01,3.578838537368715933e-01,1.647702296148834678e-01,-1.408154644133618127e+00,1.025848899356927246e+00
5.130136845924619937e-01,6.205949374509545091e-01,3.630257573378642966e-01,1.684949688886937802e-01,-1.412142994182120637e+00,1.022471492677163418e+00
5.145701138796825447e-01,6.228096222134643645e-01,3.657746509097553611e-01,1.703843293899018896e-01,-1.414244000011242619e+00,1.020782789337281393e+00
5.173181843399312640e-01,6.267289431265121724e-01,3.706833894309893851e-01,1.738391600206824761e-01,-1.418000883315859051e+00,1.017750799249766080e+00
5.183517506634761629e-01,6.282053996348521130e-01,3.725487100690583198e-01,1.751707093262958037e-01,-1.419460904315757332e+00,1.016599410608937548e+00
5.202364892534698804e-01,6.309301330093339821e-01,3.759357396487098546e-01,1.774919236563514968e-01,-1.422096064169232177e+00,1.014642049919528777e+00
5.214281304264980488e-01,6.326750361555538715e-01,3.781078564443559054e-01,1.789854181477826822e-01,-1.423734136510581560e+00,1.013260383550534494e+00
5.229724001099121944e-01,6.349165655818518328e-01,3.808935655551562438e-01,1.808747786489907916e-01,-1.425906362876284028e+00,1.011571680210652469e+00
5.285658178608610980e-01,6.432249890242374146e-01,3.912387319886569959e-01,1.878744094582285029e-01,-1.433936478375724466e+00,1.005891496249231354e+00
5.325906467207829342e-01,6.493187277041131411e-01,3.988227330039635921e-01,1.930026736757934069e-01,-1.439740952107027461e+00,1.001477839792721758e+00
5.344267468955510303e-01,6.521374174018529368e-01,4.022956655077367105e-01,1.951979306391019020e-01,-1.442429527362937947e+00,9.994437198605912176e-01
5.382327028869574592e-01,6.580298211033187572e-01,4.095974140580723732e-01,1.999843105754957884e-01,-1.448038144618644774e+00,9.950684430254425061e-01
5.410294117624319110e-01,6.624323459645504730e-01,4.150829293555514110e-01,2.034931229348823090e-01,-1.452293571679323936e+00,9.920748325592881889e-01
5.451515174528051011e-01,6.689958662607161655e-01,4.231823479155875645e-01,2.086753688810531471e-01,-1.458471953227673978e+00,9.879298334523052283e-01
5.467809043628640842e-01,6.716266433119401080e-01,4.264589308785113331e-01,2.106726928394731801e-01,-1.460982477142133362e+00,9.862027504910623188e-01
5.531403771536168579e-01,6.820557951935776186e-01,4.393689131893568911e-01,2.185900130350119652e-01,-1.470810911190229220e+00,9.795630759956173161e-01
5.547454448560630302e-01,6.847671062361654348e-01,4.427313990764021878e-01,2.206413187220379324e-01,-1.473357045372978513e+00,9.778743726557354021e-01
5.558762880100591719e-01,6.866462327013252986e-01,4.450630498739883700e-01,2.220088558467218920e-01,-1.475137558787488645e+00,9.767997432576286387e-01
5.600591917194644997e-01,6.937600686051450527e-01,4.538374199806942122e-01,2.272810713405693239e-01,-1.481832289226046706e+00,9.727698830147285536e-01
5.692275329894980196e-01,7.098400222141562077e-01,4.737300828379952256e-01,2.387431917145652616e-01,-1.496806407042076792e+00,9.639041904803482552e-01
5.733131598684519936e-01,7.171954600920679157e-01,4.828357927948844219e-01,2.438714559321301656e-01,-1.503590163151360404e+00,9.601429875869748054e-01
5.756356441954764147e-01,7.214637616343596571e-01,4.881004148589079272e-01,2.468224570959218767e-01,-1.507596318334008201e+00,9.578785899266786252e-01
5.770339986332135851e-01,7.240542716899015518e-01,4.913033667440131480e-01,2.485678663208474859e-01,-1.510017816577742034e+00,9.564585439363232355e-01
3.836841385074791222e-01,4.770430978446313364e-01,1.748492661263569281e-01,2.213250872843798914e-03,-1.267725551131204886e+00,1.186198957402991194e+00
3.842313206787676405e-01,4.705466892079356311e-01,1.657803717083770056e-01,2.609116882620738948e-03,-1.261315702838968544e+00,1.186467614752517941e+00
3.911014968293896055e-01,4.391921219035531121e-01,1.214176473227242675e-01,1.239780366983233781e-02,-1.228411814938821456e+00,1.175644561528728982e+00
3.914906041511947432e-01,4.375009080849092125e-01,1.189878217547134104e-01,1.291962704635648586e-02,-1.226560080987731061e+00,1.175068867208314716e+00
3.919891479072575846e-01,4.352862233223993016e-01,1.158339572548205271e-01,1.360339560869847260e-02,-1.224227608414722779e+00,1.174301274781095694e+00
3.924755320595139652e-01,4.330581162279953933e-01,1.127169082938369038e-01,1.425117635196982910e-02,-1.221930746110004629e+00,1.173572061975237446e+00
3.938252480820255697e-01,4.271791348584236814e-01,1.044211401929513588e-01,1.606856121503668841e-02,-1.215787974829944718e+00,1.171614701285828897e+00
3.966827549765320482e-01,4.147634778564742719e-01,8.690921551844887905e-02,2.008120304141203238e-02,-1.202683396099150315e+00,1.167162665207958305e+00
3.971326603173692127e-01,4.128306620637383628e-01,8.418486563916398324e-02,2.071098987514807116e-02,-1.200635805672463530e+00,1.166433452402100057e+00
3.975704060544000273e-01,4.108710016072144589e-01,8.146051575987908744e-02,2.132278279934879742e-02,-1.198623825514067098e+00,1.165742619217603027e+00
4.000144864194885574e-01,4.005492283807289278e-01,6.691837789072320464e-02,2.472363170152341513e-02,-1.187762693685555426e+00,1.162058175566951457e+00
4.013520428381937011e-01,3.950594946360831972e-01,5.922393025868883526e-02,2.661299220273153493e-02,-1.181976025088397497e+00,1.159985676013459921e+00
4.019235442170949746e-01,3.926971642227393144e-01,5.587371621794659515e-02,2.744071204135604611e-02,-1.179465501173938335e+00,1.159064565100797140e+00
4.023248111427065177e-01,3.910462173997774071e-01,5.355433726666350425e-02,2.799852323695082440e-02,-1.177702792893573269e+00,1.158450491159021878e+00
4.028355145025757644e-01,3.889120666286314809e-01,5.056000676871073157e-02,2.873627352789875564e-02,-1.175441540857145473e+00,1.157644519110441861e+00
4.038204424108950419e-01,3.848853670604316934e-01,4.491495746929156929e-02,3.013979847165336109e-02,-1.171203918930611376e+00,1.156109334256003596e+00
4.047567319039886424e-01,3.811271141301118548e-01,3.961351986635879702e-02,3.143535995819607409e-02,-1.167233374016253711e+00,1.154535769780204557e+00
4.052187968486322678e-01,3.792345653330579380e-01,3.695052921858932304e-02,3.211912852053806083e-02,-1.165239198992002567e+00,1.153729797731624540e+00
4.056808617932758376e-01,3.773285942041100793e-01,3.431208226342601780e-02,3.280289708288004757e-02,-1.163262829101896267e+00,1.153000584925766292e+00
4.062766823797899773e-01,3.749796861226601941e-01,3.101095560789612210e-02,3.366660474057518726e-02,-1.160698889785001686e+00,1.152079474013103511e+00
4.066901089092079258e-01,3.733287392996982312e-01,2.869157665661303119e-02,3.426040375524059406e-02,-1.158953986638781686e+00,1.151427020449967253e+00
4.072129718728835779e-01,3.712348555242343529e-01,2.573406169756951509e-02,3.501614795572384475e-02,-1.156763955138934374e+00,1.150582668780026241e+00
4.082100593850092607e-01,3.672484229517165577e-01,2.015037162966578158e-02,3.652763635669033920e-02,-1.152472917809964859e+00,1.148932345061505211e+00
4.087450819524913181e-01,3.651276945124646289e-01,1.716831297801609674e-02,3.731936837624422187e-02,-1.150247276041827194e+00,1.148087993391564421e+00
4.091706680857156719e-01,3.634767476895027216e-01,1.486120587303609193e-02,3.789517348137431269e-02,-1.148537983163897547e+00,1.147435539828428164e+00
4.101920748054541654e-01,3.595305821126669188e-01,9.326603190344697619e-03,3.935268015373486611e-02,-1.144335971505653582e+00,1.145823595731268130e+00
4.107149377691298175e-01,3.574635430009909798e-01,6.430447462816607680e-03,4.014441217328874878e-02,-1.142163745139951336e+00,1.145056003304049108e+00
4.111283642985478215e-01,3.558662855056050622e-01,4.184699589352029042e-03,4.073821118795415558e-02,-1.140472257396166755e+00,1.144403549740912851e+00
4.116633868660298790e-01,3.537858240620351813e-01,1.276272015520853436e-03,4.151194929797272226e-02,-1.138246615628029090e+00,1.143482438828249848e+00
4.122105690373183418e-01,3.517053626184653004e-01,-1.607611865704151920e-03,4.230368131752659799e-02,-1.136038778994036491e+00,1.142561327915587066e+00
4.126361551705426955e-01,3.500812604592913324e-01,-3.890175278077986042e-03,4.295146206079795276e-02,-1.134293875847816491e+00,1.141793735488368045e+00
4.132562949646696460e-01,3.477726193735234395e-01,-7.142214548395545148e-03,4.386915144709904041e-02,-1.131872377604082880e+00,1.140680726468900286e+00
4.136697214940875944e-01,3.461485172143495270e-01,-9.424777960769379487e-03,4.449893828083507918e-02,-1.130091864189572748e+00,1.139913134041681264e+00
4.142169036653760572e-01,3.440546334388856486e-01,-1.234547738090363903e-02,4.530866420992427784e-02,-1.127848417287290017e+00,1.138876884264935496e+00
4.146424897986004665e-01,3.424439536116057337e-01,-1.460349710067130290e-02,4.593845104366031662e-02,-1.126139124409360148e+00,1.138147671459077470e+00
4.152504699889209561e-01,3.401487348577318381e-01,-1.784326452468577850e-02,4.687413433949672026e-02,-1.123735431299771603e+00,1.137149801303692476e+00
4.155666196878876617e-01,3.389944143148478917e-01,-1.945087639038993108e-02,4.730598816834429010e-02,-1.122489071909614555e+00,1.136574106983278210e+00
4.161745998782082068e-01,3.367260402247619910e-01,-2.262928458288897618e-02,4.818768973557474578e-02,-1.120067573665880722e+00,1.135614616449254433e+00
4.167825800685286963e-01,3.344576661346760904e-01,-2.581996462169111259e-02,4.910537912187583343e-02,-1.117663880556292177e+00,1.134655125915230656e+00
4.172689642207851324e-01,3.326322289970921608e-01,-2.833569311382356376e-02,4.987911723189440011e-02,-1.115758731202766363e+00,1.133849153866650639e+00
4.178161463920735952e-01,3.306054568810982697e-01,-3.119503330244239800e-02,5.072483098005422381e-02,-1.113586504837063895e+00,1.132889663332626640e+00
4.182538921291044098e-01,3.290216217176063496e-01,-3.340396563699771920e-02,5.133662390425494659e-02,-1.111877211959134248e+00,1.132160450526768614e+00
4.188010743003928726e-01,3.269948496016124584e-01,-3.625103397931347254e-02,5.218233765241477723e-02,-1.109704985593431781e+00,1.131200959992744837e+00
4.192266604336172264e-01,3.253975921062265408e-01,-3.849678185277805031e-02,5.286610621475676397e-02,-1.108031302983792266e+00,1.130433367565525815e+00
4.197860022087120946e-01,3.233439753264445993e-01,-4.135612204139688108e-02,5.372981387245190366e-02,-1.105823466349799888e+00,1.129473877031501816e+00
4.203453439838070183e-01,3.212903585466627132e-01,-4.422773407631880316e-02,5.455753371107641136e-02,-1.103633434849952355e+00,1.128476006876117044e+00
4.207952493246441827e-01,3.197199457150647905e-01,-4.644893825717721220e-02,5.520531445434776613e-02,-1.101941947106167774e+00,1.127708414448898022e+00
4.213667507035455118e-01,3.176931735990708994e-01,-4.927146290688678987e-02,5.605102820250759676e-02,-1.099805331008755660e+00,1.126710544293513250e+00
4.218044964405762709e-01,3.161093384355789793e-01,-5.150493893404828327e-02,5.675279067438489949e-02,-1.098113843264971079e+00,1.125981331487655002e+00
4.224246362347032213e-01,3.138543866773870761e-01,-5.464653158763808222e-02,5.774245569882724416e-02,-1.095710150155382312e+00,1.124906702089548460e+00
4.229110203869596574e-01,3.120692165354851388e-01,-5.714998823346744555e-02,5.848020598977517887e-02,-1.093787195667711432e+00,1.123985591176885457e+00
4.234825217658609309e-01,3.100558667513852451e-01,-5.997251288317702322e-02,5.936190755700563454e-02,-1.091668384704444383e+00,1.123026100642861680e+00
4.245039284855994244e-01,3.064721041356874287e-01,-6.496715432853267247e-02,6.096336550564870893e-02,-1.087769060326667203e+00,1.121183878817535895e+00
4.250024722416622658e-01,3.046869339937854915e-01,-6.748288282066512711e-02,6.173710361566727561e-02,-1.085881716107286454e+00,1.120301147526233887e+00
4.255739736205635393e-01,3.027004288734735926e-01,-7.028086377776852911e-02,6.260081127336240836e-02,-1.083762905144019406e+00,1.119264897749488119e+00
4.260725173766263807e-01,3.009018363996777135e-01,-7.278432042359790632e-02,6.341053720245161396e-02,-1.081822145522203460e+00,1.118343786836825338e+00
4.265224227174636007e-01,2.993314235680797908e-01,-7.495643721924397096e-02,6.409430576479359376e-02,-1.080148462912563945e+00,1.117499435166884325e+00
4.272276797382353886e-01,2.968751368314778705e-01,-7.839255418410780163e-02,6.517394033691252531e-02,-1.077513303059088878e+00,1.116194528040612033e+00
4.276167870600405263e-01,2.955463259739719573e-01,-8.025787482217673630e-02,6.576773935157793904e-02,-1.076088892327480728e+00,1.115503694856114780e+00
4.288205878368751556e-01,2.913585584230441450e-01,-8.616063289396068414e-02,6.772907549092731239e-02,-1.071584193388770201e+00,1.113239297195818489e+00
4.292704931777123756e-01,2.898015679233402198e-01,-8.829593415069750262e-02,6.843083796280462205e-02,-1.069963926181565883e+00,1.112433325147238472e+00
4.298541541604200544e-01,2.878016404711343235e-01,-9.108164326149782719e-02,6.934852734910570971e-02,-1.067862920352444123e+00,1.111358695749131709e+00
4.303770171240957065e-01,2.860298926611263837e-01,-9.356055621472102179e-02,7.017624718773021741e-02,-1.065939965864773020e+00,1.110399205215107932e+00
4.309606781068034409e-01,2.840568098727084823e-01,-9.633399347921826894e-02,7.109393657403130506e-02,-1.063767739499070775e+00,1.109247816574279399e+00
4.314105834476406054e-01,2.825266640367925519e-01,-9.851838212116741100e-02,7.179569904590860085e-02,-1.062094056889431259e+00,1.108326705661616396e+00
4.320672020531867719e-01,2.803119792742826966e-01,-1.015986155432417881e-01,7.283934579895690042e-02,-1.059779389450568043e+00,1.107213696642148859e+00
4.325292669978303972e-01,2.787549887745787713e-01,-1.037707323388878528e-01,7.359508999944014418e-02,-1.058123511975073594e+00,1.106407724593568842e+00
4.330521299615060493e-01,2.769966632964648290e-01,-1.062251015995048786e-01,7.444080374759996788e-02,-1.056200557487402714e+00,1.105448234059544843e+00
4.335749929251817014e-01,2.752651824821389370e-01,-1.086549271675157358e-01,7.526852358622448946e-02,-1.054331018402167031e+00,1.104488743525521066e+00
4.341708135116958411e-01,2.733055220256149775e-01,-1.114160925857098916e-01,7.622220079159620909e-02,-1.052230012573045270e+00,1.103414114127414303e+00
4.347544744944035200e-01,2.713592839009850710e-01,-1.141527143112978648e-01,7.721186581603854682e-02,-1.050111201609778222e+00,1.102339484729307761e+00
4.358731580445933118e-01,2.676278756344532828e-01,-1.193559771438059691e-01,7.899326286003477415e-02,-1.046176266963710688e+00,1.100305364797177221e+00
4.363352229892368817e-01,2.661111521304313499e-01,-1.214790065542396963e-01,7.974900706051803179e-02,-1.044538194622361527e+00,1.099422633505875213e+00
4.369432031795574267e-01,2.641514916739074459e-01,-1.242279001261307608e-01,8.072067817542506740e-02,-1.042419383659094478e+00,1.098309624486407676e+00
4.374660661432330788e-01,2.624200108595814984e-01,-1.266577256941416041e-01,8.158438583312020709e-02,-1.040549844573858795e+00,1.097426893195105668e+00
4.380618867297472185e-01,2.604737727349515919e-01,-1.293943474197296051e-01,8.255605694802724270e-02,-1.038413228476446681e+00,1.096313884175637909e+00
4.385239516743907884e-01,2.589570492309296590e-01,-1.315296486764664097e-01,8.336578287711643442e-02,-1.036775156135097298e+00,1.095469532505697119e+00
4.391319318647113334e-01,2.570108111062997525e-01,-1.342417267094482280e-01,8.437344181109410202e-02,-1.034727565708410735e+00,1.094241384622146596e+00
4.402019769996754484e-01,2.535344271457539156e-01,-1.390768341528637597e-01,8.613684494555501336e-02,-1.030970682403794303e+00,1.092015366583211300e+00
4.408707552090280757e-01,2.514136987065020423e-01,-1.420834364971196306e-01,8.727046124627987900e-02,-1.028673820099076375e+00,1.090595320592856021e+00
4.413449797574780509e-01,2.499238198662681043e-01,-1.441941940612502526e-01,8.802620544676313663e-02,-1.027071358026017123e+00,1.089674209680193018e+00
4.419529599477985959e-01,2.479910040735321952e-01,-1.468817284016259161e-01,8.899787656167015837e-02,-1.024970352196895362e+00,1.088484441418003490e+00
4.425609401381191410e-01,2.460447659489022887e-01,-1.496060782809107981e-01,9.002352940518314195e-02,-1.022887151501918446e+00,1.087333052777174958e+00
4.431081223094076038e-01,2.443132851345763690e-01,-1.520113601563155004e-01,9.095921270101954559e-02,-1.021071027819118182e+00,1.086296803000429190e+00
4.437161024997281489e-01,2.423804693418404599e-01,-1.547357100356003823e-01,9.198486554453252917e-02,-1.019023437392431397e+00,1.085068655116878666e+00
4.441903270481781241e-01,2.408905905016065496e-01,-1.568341957534279407e-01,9.277659756408640490e-02,-1.017367559916937170e+00,1.084185923825576658e+00
4.459048311848820001e-01,2.355619247396887883e-01,-1.642954783057037071e-01,9.565562308973687977e-02,-1.011580891319779241e+00,1.080846896767173826e+00
4.470599935464910080e-01,2.319647397920969745e-01,-1.693514789825747713e-01,9.767094095769220108e-02,-1.007681566942002060e+00,1.078620878728238530e+00
4.476801333406179584e-01,2.300587686631490603e-01,-1.720144696303442522e-01,9.871458771074050065e-02,-1.005616171381170210e+00,1.077354351223327011e+00
4.481665174928743944e-01,2.285823121548091197e-01,-1.741129553481718106e-01,9.952431363982969237e-02,-1.004013709308111180e+00,1.076394860689303012e+00
4.488596149098397770e-01,2.264615837155572187e-01,-1.770827421535184076e-01,1.007478994882311518e-01,-1.001752457271683383e+00,1.075013194320308729e+00
4.493338394582898077e-01,2.249851272072173058e-01,-1.791566841787397835e-01,1.015936132363909755e-01,-1.000132190064479065e+00,1.074015324164923957e+00
4.503795653856411119e-01,2.218040345483394404e-01,-1.835868206941535241e-01,1.033570163708518869e-01,-9.967670197110549690e-01,1.071904444990071648e+00
4.510726628026064944e-01,2.197235731047695595e-01,-1.865443356531970576e-01,1.045626083097180165e-01,-9.945235728087722382e-01,1.070561158242438138e+00
4.528966033735681296e-01,2.142741063558058212e-01,-1.942019677463221738e-01,1.077475302974688492e-01,-9.885410477360182524e-01,1.066915094213147563e+00
4.533951471296309155e-01,2.127976498474658806e-01,-1.962636379252404584e-01,1.086112379551639889e-01,-9.869741959312493540e-01,1.065840464815040800e+00
4.545867883026591949e-01,2.092138872317680642e-01,-2.012828230632022763e-01,1.107705070994018520e-01,-9.830748715534721738e-01,1.063269030183856989e+00
4.570795070829733464e-01,2.019389833452203964e-01,-2.115420865725814448e-01,1.151250332069481824e-01,-9.752050022613374392e-01,1.058202920164211136e+00
4.616636777179901063e-01,1.887448310934190243e-01,-2.301093900291492633e-01,1.233662437741226553e-01,-9.609252846769662515e-01,1.048838292552138451e+00
4.636213739308222004e-01,1.832014080211972762e-01,-2.379633716631237295e-01,1.269830195907210579e-01,-9.548893442017769573e-01,1.044386256474267860e+00
4.653723568789453480e-01,1.782888345479935188e-01,-2.448601492854575734e-01,1.301319537594012588e-01,-9.495834142265368039e-01,1.040318016610006779e+00
4.660289754844915144e-01,1.764633974104096170e-01,-2.474372370091054429e-01,1.314095213364086523e-01,-9.476248494705756809e-01,1.038974729862373492e+00
4.683879386229351516e-01,1.699535664418199143e-01,-2.566411217364192865e-01,1.358540169916315765e-01,-9.405027958125352638e-01,1.034177277192254163e+00
4.703091560243480296e-01,1.647188570031601629e-01,-2.640287732108765328e-01,1.393988171700887013e-01,-9.347873477519577090e-01,1.029878759599827331e+00
4.709049766108621693e-01,1.631215995077742453e-01,-2.663236084695534411e-01,1.405144395612782648e-01,-9.330068343374475770e-01,1.028535472852194044e+00
4.772158109863892661e-01,1.463034176445930368e-01,-2.901432621438417292e-01,1.526603284976161823e-01,-9.147743769728640117e-01,1.014450151812724021e+00
4.783466541403854078e-01,1.433505046279131834e-01,-2.943402335794967906e-01,1.548375915513893475e-01,-9.115694528267457297e-01,1.011725198696096450e+00
4.790397515573508458e-01,1.415653344860112739e-01,-2.968805057642354139e-01,1.561871347665380050e-01,-9.095930829366395409e-01,1.009998115734853430e+00
4.797328489743162283e-01,1.397801643441093644e-01,-2.994207779489740373e-01,1.575726658007572945e-01,-9.076523233148234837e-01,1.008462930880415387e+00
4.803408291646367734e-01,1.381963291806174166e-01,-3.016787976687417272e-01,1.588142455586940838e-01,-9.059608355710389027e-01,1.007196403375503868e+00
4.816540663757291063e-01,1.348139015433295895e-01,-3.064648177269449492e-01,1.614233624413148049e-01,-9.023107830712931987e-01,1.004356311394793311e+00
4.829794631906278446e-01,1.314583185698297574e-01,-3.112508377851481156e-01,1.639784975953295920e-01,-8.986785357056925605e-01,1.001285941685917003e+00
4.849128401958471279e-01,1.265725897604139671e-01,-3.182212464853004796e-01,1.679011698740283665e-01,-8.932479697914366135e-01,9.966036278798806602e-01
4.854600223671355907e-01,1.252035119072260339e-01,-3.201724700474909979e-01,1.689987983556826001e-01,-8.917879487915383319e-01,9.953371003749692525e-01
4.867732595782279792e-01,1.218881959294082079e-01,-3.248848590278757276e-01,1.716439030573739810e-01,-8.882447270966632447e-01,9.920748325592881889e-01
4.874785165989997671e-01,1.201432927831882908e-01,-3.274128593663112596e-01,1.730834158201992046e-01,-8.862505520724118790e-01,9.903093699766842839e-01
4.880378583740946352e-01,1.187742149300003575e-01,-3.293518110821986866e-01,1.742170321209240980e-01,-8.847727259383685317e-01,9.890044628504118807e-01
4.888282326215113160e-01,1.168279768053704509e-01,-3.321497920393021164e-01,1.758724717981731134e-01,-8.826717201092465492e-01,9.872006206464470912e-01
4.900077141907331901e-01,1.139153307843725760e-01,-3.362976760897448680e-01,1.782296739472994385e-01,-8.794846010972734440e-01,9.843989082870974183e-01
4.921599640644678253e-01,1.086671990138188271e-01,-3.438203178735360632e-01,1.827281513311282968e-01,-8.738581787074214402e-01,9.789490020538420545e-01
4.927193058395627490e-01,1.073249658244189025e-01,-3.457469977431203989e-01,1.838977554509237944e-01,-8.723625474392329160e-01,9.775673356848477713e-01
4.934367224641409422e-01,1.056069073419869803e-01,-3.482259106963436213e-01,1.854092438518902819e-01,-8.704573980857071014e-01,9.758402527236048618e-01
4.941541390887191909e-01,1.038754265276610605e-01,-3.506925518032637523e-01,1.868667505242508353e-01,-8.685344435980362210e-01,9.742283086264448277e-01
4.947134808638140591e-01,1.025197710063671247e-01,-3.526069598265449967e-01,1.879823729154403988e-01,-8.670922277322830052e-01,9.728850218788114290e-01
4.960753564901320134e-01,9.927156668801928596e-02,-3.572948051143235437e-01,1.908793923506261758e-01,-8.635846163056980496e-01,9.694692355776864945e-01
4.967927731147102621e-01,9.755350820558736369e-02,-3.597614462212436193e-01,1.924448624801986252e-01,-8.616972720863173008e-01,9.677805322378045805e-01
4.973642744936115356e-01,9.621127501618742528e-02,-3.617003979371311018e-01,1.936504544190647548e-01,-8.602016408181287765e-01,9.663604862474493018e-01
4.981789679486410827e-01,9.430530388723951107e-02,-3.644370196627190750e-01,1.953238880058491000e-01,-8.581362452572971478e-01,9.643647459366797570e-01
4.987504693275423562e-01,9.296307069783957266e-02,-3.663636995323034662e-01,1.965654677637858616e-01,-8.566940293915439320e-01,9.629063203249634828e-01
4.994678859521206049e-01,9.124501221540766427e-02,-3.688303406392235417e-01,1.981309378933583110e-01,-8.547888800380181173e-01,9.610257188782768134e-01
5.006838463327616395e-01,8.839947785387979040e-02,-3.729168654581508924e-01,2.007580486855143620e-01,-8.517442020992057605e-01,9.580321084121223851e-01
5.016687742410809170e-01,8.614452609568790109e-02,-3.761811765747715697e-01,2.028453421916109611e-01,-8.493227038554720387e-01,9.556525718877432185e-01
5.021551583933373530e-01,8.501705021659196337e-02,-3.778256039793849719e-01,2.038889889446592607e-01,-8.480763444653148797e-01,9.545395628682755707e-01
5.028239366026898693e-01,8.350032671257003047e-02,-3.800099926213341139e-01,2.053464956170197864e-01,-8.463848567215302987e-01,9.530043780138374165e-01
5.038088645110091468e-01,8.123195262248414372e-02,-3.832743037379547357e-01,2.075057647612576495e-01,-8.439099430753612685e-01,9.504713230040144900e-01
5.056936031010027532e-01,7.692338408451034060e-02,-3.894961298136189187e-01,2.116263700448448859e-01,-8.392271927951996391e-01,9.453284537416467570e-01
5.062529448760977324e-01,7.567510721836839815e-02,-3.913246349127785795e-01,2.128859437123169773e-01,-8.378383923318817317e-01,9.437932688872086029e-01
5.069460422930630594e-01,7.409127205487647805e-02,-3.936317420177585791e-01,2.143974321132834648e-01,-8.361290994539519739e-01,9.420278063046048089e-01
5.075661820871900654e-01,7.268192720600653856e-02,-3.956443248114645539e-01,2.158189509665733863e-01,-8.346156630516183839e-01,9.406461399356104147e-01
5.082714391079617977e-01,7.111151437440861589e-02,-3.979268882238383709e-01,2.173844210961458356e-01,-8.329419804419788687e-01,9.389958162170893852e-01
5.100589008675041613e-01,6.712508180189080687e-02,-4.036946559862883976e-01,2.213070933748445823e-01,-8.285975277105742665e-01,9.341983635469702785e-01
5.117247665889824715e-01,6.344736286293498062e-02,-4.090574528207365779e-01,2.251038082867961587e-01,-8.246447879303617778e-01,9.297079478477386916e-01
5.130623230076876151e-01,6.049444984625512028e-02,-4.133403271805133339e-01,2.281087911791938316e-01,-8.213864483818081874e-01,9.261002634398090017e-01
5.136581435942016993e-01,5.917906132064318370e-02,-4.152424633574914870e-01,2.294943222134131211e-01,-8.199442325160550826e-01,9.244883193426489676e-01
5.145093158606505179e-01,5.732677951927127313e-02,-4.179299976978671505e-01,2.314376644432271923e-01,-8.179678626259487828e-01,9.222239216823526764e-01
5.150929768433581968e-01,5.605165798934133581e-02,-4.198075901822391764e-01,2.328231954774464818e-01,-8.165790621626308754e-01,9.206119775851926423e-01
5.158590318831620669e-01,5.440071116637941462e-02,-4.222251439039469423e-01,2.345865986119073932e-01,-8.147629384798306118e-01,9.185778576530621020e-01
5.166250869229659370e-01,5.276318667531149087e-02,-4.246304257793516168e-01,2.363140139272976725e-01,-8.129646199311754140e-01,9.165437377209315617e-01
5.173060247361248587e-01,5.128673016697156417e-02,-4.267902707286946318e-01,2.378794840568701219e-01,-8.113621578581162730e-01,9.147015158956058878e-01
5.180842393797351342e-01,4.962236101211563860e-02,-4.291955526040993063e-01,2.396788750104016652e-01,-8.096172547118963836e-01,9.125522570993924720e-01
5.194582746098596049e-01,4.668287032732978264e-02,-4.334906988101790981e-01,2.429177787267584321e-01,-8.063767202974879700e-01,9.088294338273799067e-01
5.215254072569494026e-01,4.232061246177998975e-02,-4.398843307340864484e-01,2.477401464822229782e-01,-8.017117751514714064e-01,9.034946664582074183e-01
5.223036219005596781e-01,4.069651030260606345e-02,-4.422896126094911229e-01,2.496115130738957855e-01,-7.999668720052515170e-01,9.013454076619940025e-01
5.230939961479763589e-01,3.905898581153813970e-02,-4.446948944848957974e-01,2.514288979369626587e-01,-7.981863585907413849e-01,8.991961488657805868e-01
5.236898167344904431e-01,3.778386428160820237e-02,-4.465356714303586050e-01,2.528504167902525523e-01,-7.968153632615685433e-01,8.974690659045376773e-01
5.245653082085519614e-01,3.597184947591829107e-02,-4.492109339244311217e-01,2.549197163868138216e-01,-7.948211882373172887e-01,8.950127701374366307e-01
5.258663858158378890e-01,3.328738309711841425e-02,-4.531624684340245790e-01,2.581046383745646544e-01,-7.919545616399559229e-01,8.911748080013413009e-01
5.264743660061584896e-01,3.202568389908247437e-02,-4.550155172257904224e-01,2.595621450469252078e-01,-7.905657611766380155e-01,8.894861046614593869e-01
5.272647402535751704e-01,3.042842640369655335e-02,-4.573962554085889143e-01,2.613975238195274109e-01,-7.888030528962730603e-01,8.874903643506897311e-01
5.288454887484085321e-01,2.718022208534870768e-02,-4.621700036204890449e-01,2.652302265505495638e-01,-7.853488568721234131e-01,8.831150875155410196e-01
5.302560027899521078e-01,2.433468772382084422e-02,-4.663915187487503444e-01,2.686490693622595183e-01,-7.822507635308758589e-01,8.790852272726409344e-01
5.310463770373687886e-01,2.273743022843491973e-02,-4.687477132389426537e-01,2.706104055016089194e-01,-7.805058603846558585e-01,8.769359684764275187e-01
5.316665168314957945e-01,2.150257569418697820e-02,-4.705884901844054613e-01,2.721218939025754069e-01,-7.791882804579184363e-01,8.752088855151846092e-01
5.324690506827188807e-01,1.990531819880105371e-02,-4.729569565209008619e-01,2.741552056800660164e-01,-7.774789875799886785e-01,8.729061082335274335e-01
5.331743077034907241e-01,1.849597334993112116e-02,-4.750431703924253291e-01,2.758466331763856916e-01,-7.759833563118001543e-01,8.709487475441187732e-01
5.338917243280688618e-01,1.705978383727319025e-02,-4.771661998028590701e-01,2.776280302203819050e-01,-7.744521147753214985e-01,8.688378683692663529e-01
5.354846324267087398e-01,1.387869117839534046e-02,-4.818785887832437442e-01,2.816586659562925754e-01,-7.709979187511718512e-01,8.639252768350642597e-01
5.362993258817382314e-01,1.228143368300941597e-02,-4.842470551197392004e-01,2.836919777337832405e-01,-7.692886258732420934e-01,8.615841199320460886e-01
5.369316252796715316e-01,1.106000148065547362e-02,-4.860755602188988611e-01,2.852394539538203322e-01,-7.679888510806497370e-01,8.598186573494422946e-01
5.377463187347010232e-01,9.476166317163550040e-03,-4.884562984016974085e-01,2.872727657313109972e-01,-7.662795582027200902e-01,8.577077781745897633e-01
5.384637353592792719e-01,8.066821468293615752e-03,-4.905547841195249670e-01,2.890721566848425406e-01,-7.647483166662413234e-01,8.556352786210983385e-01
5.399958454388870122e-01,5.100486119719757107e-03,-4.949849206349386521e-01,2.929588411444706830e-01,-7.615611976542682182e-01,8.507610667082572409e-01
5.406281448368204234e-01,3.879053917365815618e-03,-4.967888820414921858e-01,2.945782930026490387e-01,-7.602970331299659934e-01,8.488420856402095760e-01
5.417103495755909437e-01,1.798592473795914510e-03,-4.999304746950820055e-01,2.974033367996936073e-01,-7.580535862276832626e-01,8.455030585818066324e-01
5.422696913506858118e-01,7.382282541699648672e-04,-5.014889991755737686e-01,2.987888678339128967e-01,-7.569318627765418972e-01,8.440446329700903583e-01
5.437288438074551200e-01,-1.999927452205904968e-03,-5.056491550723196671e-01,3.024956131981878515e-01,-7.539762105084550914e-01,8.399380134844682821e-01
5.445313776586782062e-01,-3.543495620015831449e-03,-5.079685340236027580e-01,3.046548823424257146e-01,-7.523559433012508846e-01,8.375200973387282311e-01
5.451758366604179118e-01,-4.764927822369773372e-03,-5.097970391227624187e-01,3.063103220196747301e-01,-7.510561685086585282e-01,8.354475977852368063e-01
5.460026897192538087e-01,-6.321918322073699463e-03,-5.121164180740455096e-01,3.085235728925185272e-01,-7.493646807648739472e-01,8.328761631540528843e-01
5.469268196085410594e-01,-8.053399136399616576e-03,-5.147057776439964982e-01,3.108627811321095225e-01,-7.475129468137833300e-01,8.301128304160642069e-01
5.474740017798295222e-01,-9.073496360343567824e-03,-5.162765739707914081e-01,3.123022938949347460e-01,-7.464268336309322072e-01,8.284241270761822928e-01
5.483981316691167729e-01,-1.079155484277548663e-02,-5.188659335407422857e-01,3.147674595012729948e-01,-7.446463202164220752e-01,8.256224147168326200e-01
5.498816033334987807e-01,-1.352971054915135668e-02,-5.230138175911851484e-01,3.186541439609011372e-01,-7.416906679483352693e-01,8.212855175030449040e-01
5.506233391656898402e-01,-1.489878840233929171e-02,-5.250877596164065242e-01,3.206334740097858127e-01,-7.402128418142919219e-01,8.190594994641096083e-01
5.514745114321385477e-01,-1.644235657014921775e-02,-5.274071385676896151e-01,3.228827127017002696e-01,-7.385747694729425383e-01,8.165648240756475662e-01
5.538821129858079173e-01,-2.084488143138100991e-02,-5.340830229565678433e-01,3.293245323153431992e-01,-7.339454345952162173e-01,8.090424182889007776e-01
5.553777442539964415e-01,-2.354277014207488070e-02,-5.382063633144045234e-01,3.334631315084657377e-01,-7.310966131320000283e-01,8.043601044828644353e-01
5.568004178993464226e-01,-2.607959087004076137e-02,-5.420719948998763416e-01,3.372418525108819565e-01,-7.284258430102349413e-01,7.998313091622718529e-01
5.568855351259912601e-01,-2.625408118466275240e-02,-5.423297036722410924e-01,3.375117611539116824e-01,-7.282477916687838393e-01,7.995626518127452176e-01
5.575543133353438874e-01,-2.743524639133469376e-02,-5.441336650787945706e-01,3.393111521074432257e-01,-7.270014322786267913e-01,7.974517726378927973e-01
5.593417750948862510e-01,-3.061633905021254529e-02,-5.489933162148162848e-01,3.442234894105843379e-01,-7.235828465227673867e-01,7.916564498123888072e-01
5.631477310862927910e-01,-3.724697100584822840e-02,-5.592034923389831436e-01,3.547859143078145316e-01,-7.166388442061779607e-01,7.794517302196055653e-01
5.639989033527414986e-01,-3.876369450987015436e-02,-5.614860557513570161e-01,3.572150920950821207e-01,-7.150363821331188197e-01,7.766500178602558924e-01
5.648622352229966115e-01,-4.025357335010408544e-02,-5.637808910100339244e-01,3.596262759728143799e-01,-7.135051405966400528e-01,7.741169628504329658e-01
5.656282902628004816e-01,-4.156896187571602203e-02,-5.658180174963460818e-01,3.617495572979815832e-01,-7.121519504016123880e-01,7.715839078406100393e-01
5.665037817368621109e-01,-4.304541838405595566e-02,-5.681005809087198433e-01,3.642147229043198320e-01,-7.106207088651337322e-01,7.687054362385385975e-01
5.671725599462146272e-01,-4.419973892693989520e-02,-5.698922704689702856e-01,3.661220773150632435e-01,-7.093921546091217500e-01,7.665945570636860662e-01
5.681331686469210940e-01,-4.582384108611382151e-02,-5.724202708074058732e-01,3.688211637453605585e-01,-7.077006668653371690e-01,7.634858077334488735e-01
5.688141064600801267e-01,-4.697816162899776798e-02,-5.741996885213531687e-01,3.707824998847099596e-01,-7.065255280117603842e-01,7.613365489372354578e-01
5.696774383303352396e-01,-4.844119580544369724e-02,-5.764822519337270412e-01,3.733016472196540869e-01,-7.050298967435719710e-01,7.585348365778858959e-01
5.712338676175557906e-01,-5.105855052477357298e-02,-5.805196893674420267e-01,3.776921611462710771e-01,-7.023057112193714646e-01,7.532384488300742920e-01
5.721093590916173088e-01,-5.252158470121950223e-02,-5.827777090872097165e-01,3.802472963002858641e-01,-7.007744696828926978e-01,7.502448383639198637e-01
5.728875737352275843e-01,-5.381012856304344394e-02,-5.848025637272187272e-01,3.825685106303415850e-01,-6.994034743537199672e-01,7.477501629754579326e-01
5.735685115483866170e-01,-5.495102677403338604e-02,-5.865819814411660227e-01,3.844938589506203264e-01,-6.982461406342883592e-01,7.456776634219663968e-01
5.752465368736712215e-01,-5.768918248040925956e-02,-5.908893994935489058e-01,3.894061962537614385e-01,-6.954507345735074786e-01,7.399974794605452821e-01
5.761220283477328508e-01,-5.913879432496118443e-02,-5.931596910596197425e-01,3.919253435887055659e-01,-6.939551033053189544e-01,7.370422486157518493e-01
5.785782683166277307e-01,-6.313864922937299784e-02,-5.994183326741930884e-01,3.991768891314377288e-01,-6.898421173178006516e-01,7.286371115377030527e-01
5.802684532457188515e-01,-6.586338260385486698e-02,-6.037134788802729357e-01,4.042151838013260390e-01,-6.870823215253099026e-01,7.226498906053943072e-01
5.811561043235867752e-01,-6.728614978461880392e-02,-6.059714986000406256e-01,4.069322641411586838e-01,-6.855866902571213783e-01,7.195411412751570035e-01
5.818613613443586186e-01,-6.838678099992674675e-02,-6.077263726213817385e-01,4.089475820091140190e-01,-6.844471616718349471e-01,7.173918824789436988e-01
5.827490124222265422e-01,-6.980954818069068368e-02,-6.099721204948462816e-01,4.116286745298760041e-01,-6.830405560743719739e-01,7.142447535273455106e-01
5.835515462734496284e-01,-7.108466971062062101e-02,-6.119724314422492206e-01,4.140578523171435932e-01,-6.817763915500697491e-01,7.115581800320787131e-01
5.844391973513176630e-01,-7.250743689138455794e-02,-6.142181793157137637e-01,4.167209509283702484e-01,-6.803697859526067759e-01,7.087180880513681558e-01
5.853390080329919920e-01,-7.391678174025448356e-02,-6.164639271891784178e-01,4.194920129968088274e-01,-6.789631803551438027e-01,7.055709590997699676e-01
5.893759964967203446e-01,-8.017158840285819321e-02,-6.264654819261927798e-01,4.318718227571058943e-01,-6.725533320629073497e-01,6.911018418466904345e-01
5.902879667822011900e-01,-8.156751091983412139e-02,-6.287112297996573229e-01,4.346068970064738135e-01,-6.711823367337346191e-01,6.880698517591751218e-01
5.909932238029729223e-01,-8.265471980324806678e-02,-6.304415601283923642e-01,4.368201478793176107e-01,-6.701318338191736279e-01,6.856135559920740752e-01
5.929266008081922612e-01,-8.560763281992793405e-02,-6.351662209550801297e-01,4.427941258450423523e-01,-6.671761815510868221e-01,6.787436037684634327e-01
5.936318578289639936e-01,-8.666799703955388456e-02,-6.368965512838150600e-01,4.450253706274214793e-01,-6.661078735023807651e-01,6.762105487586405062e-01
5.945559877182512443e-01,-8.805049722463581530e-02,-6.391300273109765673e-01,4.479583778816778605e-01,-6.647368781732079235e-01,6.728715217002375626e-01
5.953706811732807358e-01,-8.927192942698974898e-02,-6.410935227194701769e-01,4.504415373975513837e-01,-6.635439341854861839e-01,6.699162908554441298e-01
5.962826514587615812e-01,-9.064100728017769615e-02,-6.433269987466316842e-01,4.533925385613431502e-01,-6.621729388563133423e-01,6.664621249329583108e-01
5.970000680833397189e-01,-9.170137149980363278e-02,-6.450450572290635787e-01,4.557137528913988156e-01,-6.611046308076072853e-01,6.640442087872182597e-01
5.979120383688205642e-01,-9.307044935299157995e-02,-6.472539895636189033e-01,4.585387966884433286e-01,-6.598048560150149289e-01,6.607819409715371961e-01
5.988483278619142203e-01,-9.443952720617951324e-02,-6.494751937444773748e-01,4.614897978522350952e-01,-6.584516658199872641e-01,6.572126361849685017e-01
5.995535848826859526e-01,-9.549989142580546375e-02,-6.511932522269092694e-01,4.638110121822907606e-01,-6.574011629054262729e-01,6.547179607965065706e-01
6.005871512062308515e-01,-9.701661492982738277e-02,-6.536598933338293449e-01,4.670679098081828573e-01,-6.559589470396730571e-01,6.510718967672158852e-01
6.013167274346155056e-01,-9.806355681755933584e-02,-6.553902236625643862e-01,4.693891241382385782e-01,-6.549084441251120658e-01,6.483085640292273188e-01
6.022408573239027563e-01,-9.940579000695927425e-02,-6.575991559971197109e-01,4.723761131211009490e-01,-6.536086693325197094e-01,6.449311573494633798e-01
6.035905733464143053e-01,-1.013520281315891808e-01,-6.608021078822249317e-01,4.767306392286472794e-01,-6.516679097107036522e-01,6.398650473298175267e-01
6.040039998758323092e-01,-1.019560330668191489e-01,-6.617715837401686452e-01,4.780981763533312390e-01,-6.510803402839153708e-01,6.382914828540183771e-01
6.047335761042168523e-01,-1.029895526226571045e-01,-6.634896422226005397e-01,4.804913663215281683e-01,-6.500476425034994454e-01,6.356432889801125752e-01
6.056698655973105083e-01,-1.043317858120570429e-01,-6.656985745571558644e-01,4.834603613948552092e-01,-6.487656728450521548e-01,6.320739841935438807e-01
6.066061550904041644e-01,-1.056740190014569813e-01,-6.678952350454081532e-01,4.865193260158588440e-01,-6.475193134548951068e-01,6.286581978924190572e-01
6.073357313187887074e-01,-1.067209608891889205e-01,-6.696255653741431946e-01,4.889485038031264330e-01,-6.465400310769144898e-01,6.258181059117084999e-01
6.082841804156887688e-01,-1.080631940785888589e-01,-6.718222258623953724e-01,4.919714806050594635e-01,-6.452580614184671992e-01,6.223639399892226809e-01
6.090137566440734229e-01,-1.090832913025328171e-01,-6.735402843448272669e-01,4.944186523018623269e-01,-6.442431687721964506e-01,6.198692646007607499e-01
6.099622057409734843e-01,-1.104121021600387442e-01,-6.757614885256857384e-01,4.975675864705425555e-01,-6.429611991137491600e-01,6.165686171637186908e-01
6.108133780074221919e-01,-1.115798450348166881e-01,-6.777004402415731654e-01,5.003386485389811345e-01,-6.418572807967528604e-01,6.133831085907595071e-01
6.116523906700644941e-01,-1.127610102414886434e-01,-6.796639356500667750e-01,5.031816862455609218e-01,-6.407711676139017376e-01,6.100824611537175590e-01
6.128075530316735575e-01,-1.143716900687685584e-01,-6.823391981441393472e-01,5.070143889765831302e-01,-6.392933414798582792e-01,6.054769065904030967e-01
6.135492888638645059e-01,-1.153783649608185191e-01,-6.840327129339650591e-01,5.094255728543154449e-01,-6.383140591018777732e-01,6.025984349883316549e-01
6.152394737929556268e-01,-1.177138507103744069e-01,-6.879228882120430599e-01,5.150936543579397453e-01,-6.360884173337401082e-01,5.962274178424132876e-01
6.162000824936620935e-01,-1.190158169040923392e-01,-6.901195487002953488e-01,5.183685458933672274e-01,-6.348776682118731918e-01,5.923126964635960778e-01
6.170512547601108011e-01,-1.201701374469762856e-01,-6.920707722624858116e-01,5.212655653285529489e-01,-6.338093601631671348e-01,5.890888082692760097e-01
6.180240230646236732e-01,-1.214721036406942178e-01,-6.942797045970411363e-01,5.244684812258391116e-01,-6.326164161754453952e-01,5.851740868904586890e-01
6.188751953310723808e-01,-1.226264241835781643e-01,-6.962309281592317101e-01,5.274374762991661525e-01,-6.315303029925941614e-01,5.820269579388605008e-01
6.201641133345519030e-01,-1.243444826660100866e-01,-6.991516275793659974e-01,5.318279902257830871e-01,-6.299812563219704398e-01,5.771911256473803986e-01
6.205896994677763123e-01,-1.249082206055580624e-01,-7.001211034373097108e-01,5.332675029886083662e-01,-6.294649074317624216e-01,5.755024223074983736e-01
6.214408717342250199e-01,-1.260491188165480114e-01,-7.020355114605909552e-01,5.362005102428647474e-01,-6.283965993830563646e-01,5.722401544918173100e-01
6.225109168691891348e-01,-1.274584636654179370e-01,-7.044285214896925940e-01,5.397992921499278340e-01,-6.270968245904640082e-01,5.680567757634734649e-01
6.232648123051865996e-01,-1.284517162255738865e-01,-7.061220362795183059e-01,5.424264029420838851e-01,-6.261887627490638764e-01,5.650631652973190366e-01
6.242254210058930664e-01,-1.297134154236098402e-01,-7.082818812288612653e-01,5.457732701156525756e-01,-6.250314290296322683e-01,5.614554808893894577e-01
6.251981893104059385e-01,-1.309885369535397637e-01,-7.104662698708104074e-01,5.490661555606153321e-01,-6.238740953102006603e-01,5.574640002678502571e-01
6.260615211806610514e-01,-1.321160128326357153e-01,-7.123929497403947986e-01,5.521611080006896266e-01,-6.228770077980749775e-01,5.542784916948910734e-01
6.270342894851739235e-01,-1.333508673668836464e-01,-7.145650665360409048e-01,5.555619569028642513e-01,-6.217908946152238547e-01,5.503637703160738637e-01
6.278003445249777936e-01,-1.343306975951455984e-01,-7.162585813258666168e-01,5.581530798759496426e-01,-6.209184430421138545e-01,5.474852987140023108e-01
6.296486043035521840e-01,-1.367064503403835063e-01,-7.203451061447939674e-01,5.645948994895925166e-01,-6.187462166764116089e-01,5.398861336845335313e-01
6.306213726080650561e-01,-1.379547272065254349e-01,-7.225049510941369268e-01,5.680677240299084607e-01,-6.176422983594153093e-01,5.360481715484382015e-01
6.313874276478688152e-01,-1.389211351028933894e-01,-7.241861940376596030e-01,5.707488165506704458e-01,-6.168054570545955517e-01,5.327859037327571379e-01
6.331384105959919628e-01,-1.411223975335093028e-01,-7.280150100842222027e-01,5.769207275212836494e-01,-6.149003077010697371e-01,5.258008126450635089e-01
6.342327749385688884e-01,-1.424914753866972361e-01,-7.304202919596268773e-01,5.808254058904470662e-01,-6.137429739816381291e-01,5.214255358099149085e-01
6.352177028468881659e-01,-1.437263299209451672e-01,-7.325801369089698367e-01,5.843162243402982847e-01,-6.126568607987868953e-01,5.176643329165414587e-01
6.359959174904984414e-01,-1.446658931535251269e-01,-7.342491080061894770e-01,5.870692924992015893e-01,-6.118200194939671377e-01,5.144788243435822750e-01
6.369930050026241242e-01,-1.458873253558790606e-01,-7.364212248018354723e-01,5.905960987681233565e-01,-6.107695165794062575e-01,5.101803067511554435e-01
6.376496236081703461e-01,-1.467060876014130155e-01,-7.378570308192964333e-01,5.930072826458556712e-01,-6.100751163477472483e-01,5.076472517413325169e-01
6.388655839888113253e-01,-1.481959664416469535e-01,-7.404832059281566403e-01,5.973078270247960120e-01,-6.088287569575902003e-01,5.025043824789647839e-01
6.425134651307344846e-01,-1.525984913028787526e-01,-7.483126438695250071e-01,6.105513444427881353e-01,-6.051430941895542537e-01,4.879968856045243109e-01
6.435227122466665728e-01,-1.538065011733386889e-01,-7.504724888188679666e-01,6.141861141689218817e-01,-6.041103964091383283e-01,4.837367476334584748e-01
6.443009268902768483e-01,-1.547326420740246511e-01,-7.521537317623906427e-01,6.170471457850370545e-01,-6.033269705067538791e-01,4.804744798177774112e-01
6.453101740062089364e-01,-1.559138072806965924e-01,-7.542767611728243837e-01,6.206999094207060752e-01,-6.023654932629184389e-01,4.762143418467115752e-01
6.472070722000090592e-01,-1.581419143751004730e-01,-7.582896549139331865e-01,6.276995402299437865e-01,-6.005671747142632411e-01,4.685000379531599202e-01
6.479852868436193347e-01,-1.590412106119984403e-01,-7.599340823185466443e-01,6.305065901174530252e-01,-5.998371642143141003e-01,4.650458720306741012e-01
6.489823743557450175e-01,-1.602223758186703817e-01,-7.620571117289803853e-01,6.342133354817279800e-01,-5.988934921046237259e-01,4.605554563314425143e-01
6.499916214716769947e-01,-1.613901186934483256e-01,-7.641678692931109795e-01,6.379200808460029348e-01,-5.979676251290784172e-01,4.565255960885424291e-01
6.508914321533514347e-01,-1.624236382492862674e-01,-7.660577336237860413e-01,6.412489541100363510e-01,-5.971663940925489023e-01,4.529562913019737347e-01
6.517912428350257636e-01,-1.634571578051242369e-01,-7.679475979544612141e-01,6.446318091026755903e-01,-5.963117476535840789e-01,4.491183291658784049e-01
6.537124602364386972e-01,-1.656181532400581302e-01,-7.719604916955700169e-01,6.518473668263371490e-01,-5.945846496415092552e-01,4.407515717091904928e-01
6.545028344838553780e-01,-1.665174494769560698e-01,-7.735926472538803278e-01,6.547443862615228705e-01,-5.939080545439954228e-01,4.376044427575923046e-01
6.556458372416579250e-01,-1.677925710068860210e-01,-7.759611135903757839e-01,6.589909489118573882e-01,-5.929109670318697400e-01,4.328453697088340824e-01
6.564362114890746058e-01,-1.686784449118899909e-01,-7.776055409949892416e-01,6.619599439851844291e-01,-5.922343719343559076e-01,4.294295834077092033e-01
6.574576182088130993e-01,-1.698193431228799122e-01,-7.797285704054228717e-01,6.658106406257419119e-01,-5.913975306295361500e-01,4.250926861939214874e-01
6.584911845323579982e-01,-1.709602413338698612e-01,-7.818515998158566127e-01,6.697513068139759884e-01,-5.905606893247163924e-01,4.209476870869384713e-01
6.592937183835810844e-01,-1.718461152388738311e-01,-7.834960272204700704e-01,6.726843140682323696e-01,-5.899197044954926916e-01,4.175319007858135922e-01
6.603272847071259832e-01,-1.729735911179697827e-01,-7.856190566309038115e-01,6.766789619850723803e-01,-5.890650580565278682e-01,4.128112073584163100e-01
6.622606617123453221e-01,-1.750674748934336611e-01,-7.895828629868002491e-01,6.839485014373398730e-01,-5.874625959834687272e-01,4.043293110376455779e-01
6.629415995255042438e-01,-1.758191254794976288e-01,-7.909818534653519917e-01,6.865576183199606497e-01,-5.869106368249705774e-01,4.014508394355740806e-01
6.640846022833069018e-01,-1.770405576818515903e-01,-7.932889605703319358e-01,6.908581626989009905e-01,-5.860381852518606882e-01,3.963463497945672320e-01
6.652397646449158541e-01,-1.782619898842055239e-01,-7.956451550605243561e-01,6.952666705350533105e-01,-5.851657336787506880e-01,3.913953786390042544e-01
6.670880244234903556e-01,-1.802216503407294279e-01,-7.993757963366622254e-01,7.024102526205735497e-01,-5.837769332154327806e-01,3.836043155027306639e-01
6.677811218404556826e-01,-1.809464562630054008e-01,-8.007747868152139681e-01,7.049833816841236667e-01,-5.832783894593699392e-01,3.806490846579372311e-01
6.698482544875454803e-01,-1.831208740298332915e-01,-8.049349427119597555e-01,7.129366896987330282e-01,-5.818361735936168344e-01,3.719369106090008037e-01
6.715870778318622225e-01,-1.849194665036291985e-01,-8.084201470620359098e-01,7.196664118649409581e-01,-5.805363988010243670e-01,3.638388105018395824e-01
6.738001257246288844e-01,-1.871609959299271042e-01,-8.128257398848435233e-01,7.282854945323571361e-01,-5.789873521304006454e-01,3.543590440256840779e-01
6.747364152177225405e-01,-1.881005591625070639e-01,-8.146787886766093667e-01,7.318662825298848373e-01,-5.783819775694671872e-01,3.500989060546182419e-01
6.776668797350674511e-01,-1.910400498472929198e-01,-8.204833719779686119e-01,7.433463968134160771e-01,-5.764946333500864384e-01,3.367427978210064121e-01
6.807189402904765263e-01,-1.940466521915487630e-01,-8.264843048201773179e-01,7.552583649257949006e-01,-5.746785096672860638e-01,3.238856246650869686e-01
6.815336337455060178e-01,-1.948519921051887205e-01,-8.280796448395782994e-01,7.585152625516869973e-01,-5.741977710453683992e-01,3.200860421503525788e-01
6.826036788804702438e-01,-1.958855116610266900e-01,-8.301535868647996752e-01,7.626358678352742615e-01,-5.735745913502898752e-01,3.151350709947895457e-01
6.835399683735637888e-01,-1.967848078979246296e-01,-8.319820919639594470e-01,7.663786010186198761e-01,-5.730226321917917254e-01,3.109133126450846496e-01
6.864947520985216212e-01,-1.995900752637705111e-01,-8.377253160338032911e-01,7.780566483070395778e-01,-5.713311444480070334e-01,2.977107228969166353e-01
6.904223041279922146e-01,-2.032543718708323399e-01,-8.452847733565036492e-01,7.936033861455521476e-01,-5.693191642896106019e-01,2.801328563135999095e-01
6.974748743357103153e-01,-2.096165571885880430e-01,-8.587101732120787645e-01,8.217278667492501354e-01,-5.660964350093473652e-01,2.477404558849551353e-01
7.004904560797001745e-01,-2.122607565717058997e-01,-8.643920380504072076e-01,8.338737556855880806e-01,-5.648678807533353829e-01,2.344227272727042455e-01
7.025332695191771615e-01,-2.140190820498198143e-01,-8.682208540969698074e-01,8.421149662527626090e-01,-5.640666497168057569e-01,2.251732385247144363e-01
7.076524627216759233e-01,-2.183276505877936313e-01,-8.777315349818607393e-01,8.627179926706987079e-01,-5.623217465705858675e-01,2.011475955527575188e-01
7.083820389500605774e-01,-2.189316555230235994e-01,-8.790937099215032635e-01,8.657409694726317939e-01,-5.620902798266995681e-01,1.979237073584374229e-01
7.094764032926375030e-01,-2.198309517599215390e-01,-8.811185645615122741e-01,8.701314833992487285e-01,-5.617697874120877177e-01,1.927808380960696621e-01
7.116651319777914653e-01,-2.216026995699294511e-01,-8.851314583026210769e-01,8.790024808001591916e-01,-5.611466077170091937e-01,1.830324142703874668e-01
7.125163042442401728e-01,-2.222872384965234316e-01,-8.866899827831129510e-01,8.824932992500104101e-01,-5.609151409731228943e-01,1.791944521342921093e-01
7.136106685868170985e-01,-2.231596900696333763e-01,-8.887025655768188148e-01,8.869198009956980044e-01,-5.606124536926561097e-01,1.737445459010366899e-01
7.154589283653915999e-01,-2.246227242460793194e-01,-8.920650514638641670e-01,8.943512856337832995e-01,-5.601673253390285767e-01,1.656464457938754964e-01
7.168208039917095542e-01,-2.256830884657052561e-01,-8.945316925707843536e-01,8.999473914992663914e-01,-5.598468329244168373e-01,1.591602897838743369e-01
7.269375943586431355e-01,-2.332801283177089180e-01,-9.127431124845626353e-01,9.411354504256034259e-01,-5.581197349123420137e-01,1.119917351312624404e-01
7.280562779088328718e-01,-2.340720458994548780e-01,-9.147311515856624276e-01,9.457238973571089335e-01,-5.579950989733263311e-01,1.068872454902556196e-01
7.300504529330842374e-01,-2.355082354121127985e-01,-9.182777151672539828e-01,9.538751383766067571e-01,-5.577992424977301633e-01,9.756099749954391664e-02
7.320689471649484137e-01,-2.369175802609827242e-01,-9.218242787488456491e-01,9.620803611247106257e-01,-5.576389962904242381e-01,8.792771253794456898e-02
7.341968778310702382e-01,-2.383806144374286673e-01,-9.255671918712865542e-01,9.707714194302680122e-01,-5.575143603514085555e-01,7.779549249865283511e-02
7.353155613812599745e-01,-2.391456873553866325e-01,-9.275306872797801638e-01,9.753238785427027491e-01,-5.574609449489732471e-01,7.276776210036792203e-02
7.374434920473819099e-01,-2.405684545361505555e-01,-9.312613285559181442e-01,9.839969429387248612e-01,-5.574075295465379387e-01,6.298095865332477283e-02
7.383189835214434282e-01,-2.411456148075925288e-01,-9.327953093438037246e-01,9.875777309362525624e-01,-5.573897244123928729e-01,5.875920030361987678e-02
7.394619862792459752e-01,-2.418972653936564965e-01,-9.347710765986004811e-01,9.921481839582226847e-01,-5.573897244123928729e-01,5.334767369172542517e-02
7.426234832689128096e-01,-2.439374598415444129e-01,-9.402565918960794633e-01,1.005103798823649752e+00,-5.573897244123928729e-01,3.880179719592403292e-02
7.436205707810383814e-01,-2.445683094405623759e-01,-9.419869222248145046e-01,1.009152428469095808e+00,-5.574075295465379387e-01,3.411948338988770452e-02
7.446298178969704695e-01,-2.452125813714743363e-01,-9.437295243998525818e-01,1.013291027662218458e+00,-5.574253346806830045e-01,2.936041034112946146e-02
7.456390650129025577e-01,-2.458434309704922993e-01,-9.454598547285876231e-01,1.017321663398129017e+00,-5.574431398148281813e-01,2.448619842828836032e-02
7.467820677707052157e-01,-2.465413922289802773e-01,-9.474233501370812327e-01,1.022036067696381556e+00,-5.575143603514085555e-01,1.907467181639391218e-02
7.480588261703783326e-01,-2.473198874788322399e-01,-9.496077387790303748e-01,1.027182325823481790e+00,-5.576389962904242381e-01,1.316421012680706569e-02
7.499678839679847497e-01,-2.484742080217161864e-01,-9.528720498956509966e-01,1.034955694742738075e+00,-5.578882681684557143e-01,4.375276835148704524e-03
7.511108867257872967e-01,-2.491587469483101391e-01,-9.548110016115384235e-01,1.039544141674243471e+00,-5.580485143757616395e-01,-1.189768262189559896e-03
7.530321041272002303e-01,-2.502728004955120933e-01,-9.580630408818560095e-01,1.047371492322105802e+00,-5.583512016562283131e-01,-9.901942311126014223e-03
7.541629472811963719e-01,-2.509304947583180789e-01,-9.599897207514404007e-01,1.051923951434540649e+00,-5.585470581318243699e-01,-1.519833005893760428e-02
7.553181096428054353e-01,-2.515881890211240091e-01,-9.619409443136308635e-01,1.056620361823257914e+00,-5.587607197415656035e-01,-2.034119932130537892e-02
7.564732720044143877e-01,-2.522324609520359973e-01,-9.638676241832152547e-01,1.061280784392904630e+00,-5.589565762171617713e-01,-2.575272593319982706e-02
7.576162747622170457e-01,-2.528633105510539880e-01,-9.658065758991026817e-01,1.065851237414874753e+00,-5.591880429610480707e-01,-3.131777103053809408e-02
7.585039258400849693e-01,-2.533599368311319489e-01,-9.673037411480791548e-01,1.069539988869614433e+00,-5.593660943024990617e-01,-3.546277013752107549e-02
7.596469285978875163e-01,-2.539907864301499396e-01,-9.692181491713603991e-01,1.074074454072514007e+00,-5.596153661805305379e-01,-4.064401902124980398e-02
7.605588988833683617e-01,-2.544739903783339030e-01,-9.707275862666399080e-01,1.077727217708182916e+00,-5.598290277902716605e-01,-4.486577737095469309e-02
7.618356572830414786e-01,-2.551585293049278835e-01,-9.728751593696797206e-01,1.082873475835283150e+00,-5.601317150707384451e-01,-5.131355375959489179e-02
7.627354679647158076e-01,-2.556417332531118469e-01,-9.743723246186561937e-01,1.086544233380487556e+00,-5.603453766804796787e-01,-5.542017324521691934e-02
7.648026006118056053e-01,-2.567020974727378113e-01,-9.778084415835199827e-01,1.094839425676267908e+00,-5.608617255706875859e-01,-6.470804161456768233e-02
7.660915186152851275e-01,-2.573732140674377389e-01,-9.799560146865599064e-01,1.099931702074762097e+00,-5.612000231194445021e-01,-7.088716065368119712e-02
7.671250849388300264e-01,-2.578966850113037501e-01,-9.816495294763856183e-01,1.104088295177420020e+00,-5.614849052657661099e-01,-7.549271521699561782e-02
7.684140029423095486e-01,-2.585275346103216854e-01,-9.837725588868193594e-01,1.109198565485449706e+00,-5.618410079486680919e-01,-8.159507501338723878e-02
7.693138136239839886e-01,-2.589704715628237119e-01,-9.852574522894926856e-01,1.112833335211583341e+00,-5.621080849608446339e-01,-8.581683336309212096e-02
7.702136243056583176e-01,-2.594134085153256830e-01,-9.867423456921660119e-01,1.116396129299575879e+00,-5.623751619730211759e-01,-8.973155474190938619e-02
7.715147019129442452e-01,-2.600308357824496208e-01,-9.888776469489027887e-01,1.121614363064817210e+00,-5.627668749242134005e-01,-9.591067378102291485e-02
7.724266721984250905e-01,-2.604737727349515919e-01,-9.903625403515761150e-01,1.125159163243274474e+00,-5.630695622046800741e-01,-1.000556728880058893e-01
7.735939941638404482e-01,-2.610106660107116006e-01,-9.922769483748573593e-01,1.129819585812921190e+00,-5.634790802900174755e-01,-1.055823383639832025e-01
7.747734757330623223e-01,-2.615475592864715537e-01,-9.941913563981386037e-01,1.134515996201638455e+00,-5.638885983753547659e-01,-1.108403464904338387e-01
7.756732864147366513e-01,-2.619636515751855299e-01,-9.956639779545088942e-01,1.138096784199166267e+00,-5.642090907899666163e-01,-1.153691418110263517e-01
7.768527679839585254e-01,-2.624871225190515411e-01,-9.975661141314869917e-01,1.142775200678348257e+00,-5.646720242777392151e-01,-1.207806684229208033e-01
7.777525786656328544e-01,-2.628897924758715199e-01,-9.990510075341603180e-01,1.146373982585411344e+00,-5.650281269606413082e-01,-1.247721490444599762e-01
7.789199006310483231e-01,-2.633998410878434782e-01,-1.000928600018532455e+00,1.150944435607381466e+00,-5.654910604484139069e-01,-1.301836756563544140e-01
7.798318709165290574e-01,-2.638025110446634569e-01,-1.002401221574902523e+00,1.154507229695374004e+00,-5.658471631313158889e-01,-1.345589524915031254e-01
7.812667041656855549e-01,-2.644065159798934528e-01,-1.004708328679882579e+00,1.160175311198998305e+00,-5.664347325581042814e-01,-1.410067288801433172e-01
7.823002704892304537e-01,-2.648360306005014264e-01,-1.006377299777102108e+00,1.164205946934908864e+00,-5.668620557775866375e-01,-1.456506630648186917e-01
7.833459964165817579e-01,-2.652655452211094000e-01,-1.008058542720624784e+00,1.168380533947102062e+00,-5.673249892653593474e-01,-1.502945972494940940e-01
7.845254779858036320e-01,-2.657487491692933634e-01,-1.009948407051299846e+00,1.172914999150001636e+00,-5.678769484238574972e-01,-1.557828831041104256e-01
7.866290894443126458e-01,-2.665809337467213158e-01,-1.013310892938345198e+00,1.181120221898105394e+00,-5.688562308018380032e-01,-1.654929273084316810e-01
7.876748153716639500e-01,-2.669836037035412946e-01,-1.014979864035564949e+00,1.185258821091228043e+00,-5.693369694237557788e-01,-1.703287595999118387e-01
7.887205412990152542e-01,-2.673728513284672759e-01,-1.016648835132784479e+00,1.189271462917603328e+00,-5.698355131798186202e-01,-1.752413511341138763e-01
7.897541076225601531e-01,-2.677755212852872546e-01,-1.018305534383700861e+00,1.193410062110725978e+00,-5.703340569358814616e-01,-1.799620445615111586e-01
7.919914747229396257e-01,-2.685942835308212095e-01,-1.021839826118989381e+00,1.201975163049536111e+00,-5.714201701187325844e-01,-1.901710238435248279e-01
7.931709562921614998e-01,-2.690103758195351857e-01,-1.023705146757058371e+00,1.206491634342900188e+00,-5.720255446796660426e-01,-1.955057912126973441e-01
7.943625974651897792e-01,-2.694264681082491619e-01,-1.025570467395127361e+00,1.211116069093476355e+00,-5.726843346430348092e-01,-2.007637993391479803e-01
7.963324532818282231e-01,-2.700841623710551476e-01,-1.028675244509807740e+00,1.218745486736450001e+00,-5.738238632283212404e-01,-2.098597696016939740e-01
7.987035760240782656e-01,-2.708626576209071102e-01,-1.032393613939642574e+00,1.227742441504107829e+00,-5.751592482892038394e-01,-2.202606469905123987e-01
